Name,G,PA,HR,R,RBI,SB,BB%,K%,ISO,BABIP,AVG,OBP,SLG,wOBA,xwOBA,wRC+,BsR,Off,Def,WAR,PlayerId_x,MLBAMID_x,WPA,-WPA,+WPA,RE24,REW,pLI,phLI,PH,WPA/LI,Clutch,PlayerId_y,MLBAMID_y,Years_Contributed
Aaron Hicks,137.0,581.0,27.0,90.0,79.0,11.0,0.154905335,0.191049913,0.21875,0.264367816,0.247916666,0.366148531,0.466666666,0.3598501572971938,0.372,128.53512610737735,2.471690482692793,22.291048532944014,-3.200422763824463,4.0054165396222245,5297.0,543305.0,2.2399675846099854,-8.789493560791016,11.029461860656738,34.3557014465332,3.401719093322754,0.9319485425949096,1.909766674041748,6.0,2.849007606506348,-0.4454762072586611,5297.0,543305.0,1
Aaron Judge,154.5,677.75,52.75,118.0,121.75,10.25,0.1635505645,0.26268105575,0.338556081,0.34918803875000004,0.300983865,0.41938729674999997,0.639539946,0.4377898439939045,0.45375,187.09486563731784,-0.09637681214371699,69.658968058234,-2.966325744986534,9.121620286491849,15640.0,592450.0,5.165147185325623,-10.233917474746706,15.399064779281616,67.59062576293945,7.006866157054901,0.9929680824279785,2.2190000216166177,2.75,6.918569564819336,-1.7607457587394433,15640.0,592450.0,4
Adam Eaton,146.0,647.25,11.0,92.0,49.75,15.5,0.088106528,0.16722014975,0.13431888125,0.33786536775,0.28769456825,0.36243936925,0.42201344949999997,0.3428652834864218,0.322,115.98498710775527,3.513887115288526,15.699999791987555,1.2163607776165009,3.955085885134979,11205.0,594809.0,1.8279626965522766,-10.319019794464111,12.146982431411743,15.165424585342407,1.5643811970949173,0.9930848479270935,2.410004734992981,2.5,1.3181763291358948,0.5021237808066308,11205.0,594809.0,4
Adley Rutschman,151.0,662.5,19.5,76.0,79.5,1.0,0.112412332,0.1542290085,0.149134172,0.2874479625,0.263824356,0.3461360325,0.412958528,0.33027244179023607,0.346,115.40209090945496,-2.3948239621240646,10.111210274650318,8.339083310216665,4.1259312726345225,26288.0,668939.0,1.389798879623413,-10.136447429656982,11.526246547698975,15.565600395202637,1.602772057056427,0.9252382516860962,1.7285600304603577,6.0,1.1187256053090096,0.36774770986091027,26288.0,668939.0,2
Adrian Beltré,148.42857142857142,626.1428571428571,27.857142857142858,85.71428571428571,95.0,1.1428571428571428,0.06737156028571428,0.11370821228571429,0.21221805042857142,0.3111705357142857,0.3092872225714286,0.35809569571428573,0.521505273,0.37520060709656056,0.363,132.95400291617685,-0.5898063889970737,23.290319789167338,8.027487776109151,5.4988667945353615,639.0,134181.0,1.9271715416439943,-10.39529391697475,12.322464942932129,21.624857085091726,2.149066584450858,0.9786081824983869,1.2121499851346016,0.7142857142857143,2.617864336286272,-0.6238093227056645,639.0,134181.0,7
Alejandro Kirk,139.0,541.0,14.0,59.0,63.0,0.0,0.116451016,0.107208872,0.129787235,0.298507462,0.285106382,0.371534195,0.414893617,0.3471971192917266,0.351,129.13776437793746,-5.302214873023331,12.43644617857498,11.163459748029709,4.274446996209362,22581.0,672386.0,1.097362756729126,-8.021295547485352,9.118658065795898,20.790000915527344,2.14492416381836,0.9152976274490356,1.804462432861328,16.0,1.8830622434616089,-0.6841486618897743,22581.0,672386.0,1
Alex Avila,141.0,551.0,19.0,63.0,82.0,3.0,0.132486388,0.237749546,0.211206897,0.366459627,0.29525862,0.388686131,0.506465517,0.3835014381302531,,140.20428017598482,-1.3326402539387343,24.462534430772067,4.930770039558411,5.026236633519128,7476.0,488671.0,2.7589752674102783,-8.254941940307617,11.013917922973633,28.14299964904785,2.790522575378418,0.9696894884109496,1.6403000354766846,4.0,3.084843873977661,-0.2396286784087493,7476.0,488671.0,1
Alex Bregman,154.83333333333334,672.5,27.5,98.33333333333333,92.0,6.5,0.12093130133333334,0.128166631,0.21649179333333335,0.27906539383333334,0.27457925333333333,0.36901423083333335,0.4910710466666666,0.36740177092389176,0.3506666666666667,137.85075483308415,-0.7247685686452314,30.46289210820811,4.472801720102628,5.822662302443187,17678.0,608324.0,2.201965163151423,-10.543643792470297,12.745608647664389,28.550100286801655,2.9127294632295766,0.9352673590183258,2.0270000954624265,0.5,2.7581419944763184,-0.41061731357772474,17678.0,608324.0,6
Andres Torres,139.0,570.0,16.0,84.0,63.0,26.0,0.098245614,0.224561403,0.211045365,0.330578512,0.268244575,0.343362831,0.47928994,0.3583087136648052,,124.98563361403885,5.596308291424066,22.662137599857832,20.44669508934021,6.278205235008435,1488.0,400083.0,2.274170398712158,-10.262402534484863,12.536572456359863,20.972801208496094,2.289142370223999,1.0686253309249878,1.6353750228881836,8.0,1.1139377355575562,1.014189244872214,1488.0,400083.0,1
Andrew McCutchen,149.25,640.5833333333334,22.916666666666668,86.08333333333333,77.91666666666667,15.0,0.11972820833333332,0.19539056916666667,0.19158944525,0.31116285625,0.2729357914166667,0.3658107579166667,0.46452523666666673,0.35915857989657224,0.3522857142857143,128.34152100779667,0.6754305840392286,22.675294199740986,-6.006929345428944,3.9027253702896445,9847.0,457705.0,2.2939163061479726,-10.27429673075676,12.568212697903315,24.526341769844294,2.6754576388436058,0.9974538059962094,1.6401728554205461,2.9166666666666665,2.459813960827887,-0.14086262345060555,9847.0,457705.0,12
Andrés Giménez,150.33333333333334,602.0,13.666666666666666,68.66666666666667,64.66666666666667,26.666666666666668,0.05135453066666667,0.17871130866666665,0.13457952133333334,0.30927418133333334,0.266947641,0.3276144773333333,0.40152716233333335,0.3182378461242745,0.3073333333333333,106.75432883819609,3.425666014508655,6.969683404968381,14.141784270604452,4.229768981459708,19950.0,665926.0,1.2264615446329117,-10.39559523264567,11.622056643168131,4.11673370997111,0.5161416530609131,1.0447713335355122,1.5240349769592285,4.333333333333333,0.1402257184187572,1.0170192954320794,19950.0,665926.0,3
Anthony Rendon,147.6,635.6,24.8,97.6,97.2,8.6,0.1080384874,0.14782431540000002,0.22077809240000001,0.3155274698,0.2971059062,0.3774636386,0.5178839986,0.37856597837690414,0.379,135.1190963302544,1.9132181145250797,29.628186807389472,4.82314784526825,5.5779280227303705,12861.0,543685.0,2.7006481885910034,-10.065889930725097,12.766538429260255,39.67917938232422,4.106559705734253,0.9800535321235657,3.4116666316986084,1.4,3.022351288795471,-0.26291760429373223,12861.0,543685.0,5
Austin Riley,159.33333333333334,690.0,36.0,99.33333333333333,99.0,1.6666666666666667,0.08110613733333334,0.24558670566666665,0.23889330900000003,0.33557635799999996,0.28600236700000004,0.35391012666666666,0.524895676,0.37293995885106734,0.36966666666666664,135.7583382072445,-0.23992426041513681,29.744230769589166,-0.5583565135796863,5.35619633072749,18360.0,663586.0,1.6505278746287029,-11.245381037394205,12.895909309387207,21.0673344930013,2.029310425122579,0.9206583698590597,1.377599984407425,1.0,2.9227665265401206,-1.0937486931759037,18360.0,663586.0,3
Ben Zobrist,147.375,629.375,14.0,82.625,69.125,11.25,0.1239422775,0.139535524875,0.156104527625,0.298941226875,0.272059196125,0.36329969675,0.42816372375,0.34655888982010336,0.338,120.8994923625399,1.5372545097779948,16.87624953428602,3.335310744107119,4.297573780795878,7435.0,450314.0,1.2550192847847939,-10.414283215999603,11.669302642345428,18.18779945373535,1.9314985051751137,1.005700912387868,1.3068584374019079,5.0,1.6348416469991207,-0.37867024364689694,7435.0,450314.0,8
Bo Bichette,151.0,662.6666666666666,24.333333333333332,93.66666666666667,89.33333333333333,14.333333333333334,0.05390655566666667,0.20409337066666666,0.17783714933333336,0.346990543,0.2982648863333333,0.33858920966666667,0.4761020356666667,0.350261091545256,0.3506666666666667,125.09808269361395,1.1403951741910225,20.74178289821352,1.8011467456817627,4.542475054708377,19612.0,666182.0,1.9633098443349202,-11.185935020446777,13.149244626363119,21.5774663289388,2.1007625261942544,0.9694408774375916,1.8974999785423279,0.6666666666666666,1.5823498964309692,0.4439820154318217,19612.0,666182.0,3
Bobby Witt Jr.,156.33333333333334,678.3333333333334,27.333333333333332,101.33333333333333,95.0,36.666666666666664,0.06183338766666666,0.179155175,0.216326308,0.314573414,0.28723305233333335,0.3341625973333333,0.5035593603333334,0.3546944610125778,0.365,126.54590788266027,6.440385581615071,28.14444775856175,9.661105314890543,6.170599757705806,25764.0,677951.0,1.0177210172017415,-11.95223585764567,12.969956398010254,21.507132530212402,2.0477303663889566,0.9831133882204691,1.174899935722351,1.0,2.2816382646560673,-1.1664170415687103,25764.0,677951.0,3
Brandon Lowe,149.0,615.0,39.0,97.0,99.0,7.0,0.110569105,0.271544715,0.276635514,0.280120481,0.246728971,0.339837398,0.523364485,0.3633616192055997,0.36,136.42345818863697,1.8413387297187,29.2670784125681,-5.780613660812378,4.467654524843617,18882.0,664040.0,3.2706663608551025,-8.967358589172363,12.238024711608888,41.128299713134766,4.2194929122924805,0.9230439066886902,1.638759970664978,15.0,3.881042718887329,-0.3376940903391729,18882.0,664040.0,1
Brandon Nimmo,148.5,638.25,20.0,89.0,67.25,7.5,0.1199184105,0.22160793775,0.18642978575,0.3149104195,0.2588085375,0.3652261385,0.44523832325,0.3543196518889414,0.344,129.62268487424444,1.194725608394947,23.30129100088947,-2.267223984003067,4.34218356258714,12927.0,607043.0,2.559312582015991,-9.725297212600708,12.2846097946167,27.301499843597412,2.8466383516788483,0.9390473812818527,1.6283333698908489,5.0,2.3373017609119415,0.41344188612212857,12927.0,607043.0,4
Brian Dozier,153.0,677.0,27.666666666666668,96.0,79.66666666666667,15.5,0.10067822483333333,0.19818820583333333,0.205520449,0.2711974996666667,0.2460030605,0.3279415806666667,0.45152350950000003,0.3362011959118463,0.3145,110.88187527244848,3.544842059879253,12.71779235896818,3.80996506412824,4.024844115876673,9810.0,572821.0,0.3841983775297801,-12.062158624331156,12.446357607841492,8.264216502507528,0.8218028700600066,1.021917063220921,1.7211666425069172,1.3333333333333333,0.742665279035767,-0.36428280191503576,9810.0,572821.0,6
Brian McCann,136.5,541.5,23.5,59.75,79.25,2.0,0.09889431374999999,0.1666141045,0.1892583735,0.262390175,0.2510696565,0.33286836675,0.44032803,0.3359261360433199,0.307,111.18249772421007,-4.228450887952931,3.0225859474864505,23.6913999915123,4.621219393397384,4810.0,435263.0,1.0025480911135674,-10.053629159927368,11.056177616119385,13.04649973521009,1.3883746503852308,1.0889948904514313,2.104572832584381,11.25,0.9381126733496785,-0.0375232484300734,4810.0,435263.0,4
Bryce Harper,145.875,628.875,30.375,96.375,87.625,13.0,0.152721754625,0.21905395087500001,0.246309882625,0.32342034000000003,0.280076179,0.392710374375,0.526386061625,0.38665473159046,0.3911428571428571,143.2347825912698,0.19942399582942005,33.32950953008127,-6.991261541843414,4.7626033091429125,11579.0,547180.0,3.7153523941524327,-9.56178879737854,13.277141451835632,40.30395030975342,4.116062715649605,0.9841113537549973,2.28354994058609,1.75,3.8301498889923096,-0.09873872376695864,11579.0,547180.0,8
Buster Posey,146.5,602.5,17.666666666666668,71.5,84.33333333333333,2.8333333333333335,0.09885959550000001,0.11658119249999999,0.1648345301666667,0.32820507449999997,0.31100789133333334,0.380547543,0.47584242150000006,0.3672872729816075,0.361,136.42891362554073,-3.067617694808481,22.81747294449852,25.396960477034252,7.059265685795036,9166.0,457763.0,2.9882317880789437,-9.987373987833658,12.975606123606363,30.202333450317383,3.34174774090449,1.0601694583892822,2.74233611424764,5.833333333333333,2.8676820198694863,0.007365430592289455,9166.0,457763.0,6
Byron Buxton,140.0,511.0,16.0,69.0,51.0,29.0,0.074363992,0.293542074,0.16017316,0.338926174,0.253246753,0.314229249,0.413419913,0.3116858514055373,0.298,91.56102733157395,9.029438762459904,3.708903279044037,24.652249097824097,4.501146745699713,14161.0,621439.0,0.5687546730041504,-7.554605484008789,8.123359680175781,-4.777999401092529,-0.5047727823257446,0.8571963906288147,,0.0,0.5906761288642883,0.072829549906627,14161.0,621439.0,1
Cal Raleigh,149.0,598.5,32.0,75.5,87.5,3.0,0.1031841535,0.27896745850000004,0.220144378,0.262234061,0.2258745145,0.308950779,0.44601889250000004,0.3243747567424988,0.3385,115.12978813508292,-2.3947204661089927,8.234419946914311,19.534785449504852,4.880777243953299,21534.0,663728.0,0.6629334315657616,-10.65536117553711,11.318295001983643,12.284001111984253,1.2767828106880188,1.0253395438194275,1.8511403799057007,12.0,0.8896819055080414,-0.24875914363706875,21534.0,663728.0,2
Carl Crawford,142.0,601.0,15.0,87.5,73.0,32.5,0.056026606,0.174906326,0.169265481,0.320528914,0.2808036885,0.3227241085,0.4500691695,0.33521186715881546,,108.77409703069566,7.601913211052306,15.738981364709613,0.8258152008056641,3.833874080005005,1201.0,408307.0,0.7358549833297732,-10.683532238006592,11.419387340545654,15.212499141693115,1.632572889328003,1.0360684394836426,2.5118499994277954,2.0,1.355153739452362,-0.5921917100821812,1201.0,408307.0,2
Carlos Correa,143.0,617.5,21.5,77.5,79.25,3.25,0.1089844575,0.20570071825,0.1819219365,0.311707896,0.26846728925,0.35110042975,0.45038922575,0.3458919857956107,0.35825,122.69749693261136,-0.8896590399672276,15.879424733970417,4.498820632696152,4.1890749889572625,14162.0,621043.0,1.0183063745498657,-11.046887159347534,12.065193891525269,16.372050285339355,1.7418620586395264,1.0136751532554626,3.8601999282836914,1.0,1.6263234913349152,-0.5858699574347804,14162.0,621043.0,4
Carlos Gómez,147.5,617.0,23.5,87.5,73.0,37.0,0.067846615,0.233200863,0.207697358,0.3415345355,0.28377710700000003,0.3470019295,0.491474465,0.3652577323196545,,130.22129508388875,4.0393320536240935,25.049526233487448,13.365203976631166,6.202303832958057,4881.0,460576.0,1.7657397985458374,-10.885156154632568,12.650896072387695,23.883150100708008,2.5535290241241455,1.0300931334495544,0.48483335366472596,2.0,2.835479736328125,-1.123498667659698,4881.0,460576.0,2
Cedric Mullins,157.5,673.5,23.0,90.0,61.5,32.0,0.07867394150000001,0.18634259250000001,0.1861557965,0.31043540849999995,0.27446067900000004,0.338984801,0.4606164755,0.34341826973243594,0.31599999999999995,121.68724296353966,2.127405009116046,19.77715563754731,5.276158392429352,4.819194798028641,17929.0,656775.0,0.791677013039589,-11.655282497406006,12.446959495544434,12.947800353169441,1.2460553254932165,0.9887254238128662,2.114637553691864,8.0,1.7495043575763702,-0.8865600401678642,17929.0,656775.0,2
Chris Young,156.0,661.5,23.5,91.5,81.0,25.0,0.1164209185,0.2146495685,0.189313498,0.2855421685,0.24659044200000002,0.3360909005,0.43590394,0.33952102946326523,,105.84719672222178,5.0852150860009715,9.698707450138636,12.27273738384247,4.4230663695889225,3882.0,455759.0,1.727034330368042,-11.903409004211426,13.630444049835205,14.5142502784729,1.4330823421478271,1.0287322998046875,3.796199917793274,1.0,1.091898888349533,0.6088785840466255,3882.0,455759.0,2
Christian Yelich,144.5,634.125,21.0,94.75,77.125,20.125,0.114612469625,0.21003230475,0.18602327400000002,0.35166343725,0.29365978225,0.37880199275,0.47968305625,0.3679395763584008,0.3791428571428571,132.86666009003724,4.699968424538383,30.20241995255871,-6.749144487082958,4.48495275246632,11477.0,592885.0,3.1736400425434113,-9.920920729637146,13.094560861587524,32.97228789329529,3.399098090827465,0.9887521117925644,1.8873500116169453,2.75,2.972474694252014,0.21125864666598299,11477.0,592885.0,8
Cody Bellinger,142.33333333333334,585.8333333333334,29.0,88.16666666666667,88.5,13.666666666666666,0.09833739983333334,0.209100104,0.23447849499999998,0.29583934566666664,0.26901398066666665,0.34138437983333336,0.5034924756666667,0.3526778557265741,0.33866666666666667,124.5195883453951,2.2564018274812647,21.490933688694852,-1.691291871170203,3.9098394603766136,15998.0,641355.0,2.1032455960909524,-9.474335034688314,11.577580769856771,25.89876635869344,2.6839934587478638,0.9773087104161579,1.4177639961242676,4.666666666666667,2.635315219561259,-0.5022978753470854,15998.0,641355.0,6
Colton Cowser,153.0,561.0,24.0,77.0,69.0,9.0,0.092691622,0.306595365,0.204408818,0.316993464,0.242484969,0.320855614,0.446893787,0.3314574734042923,0.331,119.56889962719454,1.118081457912922,13.679389740425648,6.368252754211426,4.00189551721443,29591.0,681297.0,-2.51381778717041,-10.732040405273438,8.218222618103027,-8.070699691772461,-0.8946080803871155,0.9310638904571532,1.4578499794006348,12.0,0.5087238550186157,-3.208665086695126,29591.0,681297.0,1
Corbin Carroll,156.5,664.5,23.5,118.5,75.0,44.5,0.0975486195,0.19192846400000002,0.2090914555,0.2900938595,0.257927791,0.341544125,0.4670192465,0.3475681166504264,0.3365,119.40305957386207,11.687075004214421,27.254329324227886,-3.180920958518982,4.698476826617539,25878.0,682998.0,4.211312294006348,-10.420440196990967,14.631752490997314,29.16384983062744,2.8705406785011296,1.0101091265678406,1.8618366122245789,5.5,2.293284237384796,1.8302646475288573,25878.0,682998.0,2
Corey Seager,138.16666666666666,595.5,27.166666666666668,86.5,81.5,2.3333333333333335,0.0912613705,0.18134843150000002,0.22308807016666668,0.3139162105,0.28737458466666665,0.35575234333333333,0.5104626548333333,0.3651501705154127,0.3781666666666667,133.83539039662801,-0.34533701623634755,23.485449026344284,4.872541646162669,4.845337807996942,13624.0,608369.0,2.525956024726232,-9.129252990086874,11.655209064483643,31.16093397140503,3.2151949206988015,0.9578743080298106,1.6157849431037903,4.0,2.581746836503347,0.08159961485817531,13624.0,608369.0,6
Daric Barton,159.0,686.0,10.0,79.0,57.0,7.0,0.160349854,0.148688046,0.131294964,0.316258351,0.273381294,0.393175074,0.404676258,0.3596650856059222,,126.48350528471654,2.3330175294540823,23.708468406959657,0.3981809616088867,4.977371015510183,5928.0,435558.0,1.2063980102539062,-10.258858680725098,11.465255737304688,13.425999641418455,1.4191901683807373,0.9740815162658693,2.618000030517578,3.0,1.974958062171936,-0.7364600616363959,5928.0,435558.0,1
David Wright,149.0,642.0,19.333333333333332,77.33333333333333,86.33333333333333,14.0,0.09851765,0.20009848333333333,0.17010693300000002,0.33537467633333334,0.286107025,0.3563360666666666,0.456213958,0.3500388833333103,,123.12270810364227,-2.2858754416617253,16.256515101670868,1.2750111023585002,3.896437389658171,3787.0,431151.0,2.2125613689422607,-10.681501706441244,12.894063313802084,23.795666535695393,2.573226491610209,1.0027457276980083,2.7461334069569907,1.0,2.3373474876085916,-0.13895395192829707,3787.0,431151.0,3
Derek Norris,147.0,557.0,14.0,65.0,62.0,4.0,0.062836624,0.235188509,0.153398059,0.309973045,0.250485436,0.305206463,0.403883495,0.308789110441002,0.27,98.08669349619105,-1.1273945309221745,-2.369174243263455,21.184457287192345,3.8233940070313066,6867.0,519083.0,0.4584597945213318,-9.459712028503418,9.918171882629396,6.768700122833252,0.8441272974014282,0.9842060208320618,1.5464714765548706,14.0,-0.0256088301539421,0.4914257270407782,6867.0,519083.0,1
Dustin Pedroia,149.8,677.0,13.4,90.2,73.4,15.2,0.0933317454,0.10878313020000001,0.1339593732,0.3194495238,0.2985823156,0.3636318444,0.43254168880000005,0.3483357656432112,0.331,115.97774761567089,0.010974520584568381,13.204513387450612,11.22783341407776,4.947955367910692,8370.0,456030.0,1.4425470352172851,-11.302212524414063,12.74475917816162,14.182179927825928,1.4396191596984864,1.0024120450019836,1.6662500351667404,1.0,1.284652328491211,0.24195821698828435,8370.0,456030.0,5
Elly De La Cruz,160.0,696.0,25.0,105.0,76.0,67.0,0.099137931,0.31321839,0.21197411,0.359042553,0.258899676,0.338616714,0.470873786,0.3486482402837345,0.331,117.85621503824532,7.479994058609009,22.341401171375864,16.737037181854248,6.429651537864672,26668.0,682829.0,-0.36894091963768,-12.831722259521484,12.462780952453612,16.56199836730957,1.7081853151321411,0.9701893925666808,1.8539999723434448,1.0,1.6736820936203003,-2.053959308012049,26668.0,682829.0,1
Evan Longoria,148.44444444444446,631.1111111111111,24.444444444444443,76.0,84.66666666666667,4.333333333333333,0.08485909733333334,0.19548423222222222,0.19689301744444443,0.2917777991111111,0.26249556811111113,0.3285846653333333,0.4593885855555555,0.3360453732317207,0.3344,113.93897458189177,0.603897727223941,11.369011306439322,6.0083151658376055,3.976341740288586,9368.0,446334.0,1.3300984038247003,-10.90916919708252,12.239267667134603,14.18066660563151,1.48793625831604,1.016777879661984,2.225287526845932,2.0,1.638250923405091,-0.31588863476016354,9368.0,446334.0,9
Fernando Tatis Jr.,135.5,590.5,33.5,95.0,87.5,27.0,0.0985088395,0.251133512,0.2598781155,0.31129275,0.269909041,0.3431177125,0.5297871565,0.36720821929181313,0.38549999999999995,134.66252311728869,4.357319029280916,28.98320139121424,5.566202320158482,5.4530933492976965,19709.0,665487.0,2.777468681335449,-9.770224571228027,12.547693729400635,32.03965187072754,3.302728056907654,0.9869406521320343,3.7171499729156494,2.5,3.146713972091675,-0.38319513026876756,19709.0,665487.0,2
Francisco Cervelli,130.0,510.0,7.0,56.0,43.0,1.0,0.090196078,0.184313725,0.106430155,0.358974358,0.294900221,0.369565217,0.401330376,0.3406795669310163,0.325,117.12607554731042,-0.7999429269693792,9.37736345408744,30.569872856140137,5.912282735215088,5275.0,465041.0,1.1188623905181885,-8.207438468933105,9.326299667358398,6.960999965667725,0.8131697177886963,1.0360525846481323,2.188640117645264,5.0,1.0639283657073977,0.0159998223953139,5275.0,465041.0,1
Francisco Lindor,152.0,676.5,28.5,101.75,86.5,20.875,0.08777756425,0.163261396375,0.2056866345,0.28618562075,0.270428695,0.340451654875,0.4761153295,0.3472195574089999,0.35075,119.89182659100689,1.8028762280300725,18.65361593831792,18.00805538892746,6.0535638706819785,12916.0,596019.0,1.9924300080165267,-10.913423776626587,12.905853986740112,21.28665018081665,2.2107763551175594,0.9682050496339798,2.3628533124923705,1.0,1.904599815607071,0.2079260024670822,12916.0,596019.0,8
Freddie Freeman,152.83333333333334,664.0833333333334,25.916666666666668,98.5,92.66666666666667,7.75,0.114056347,0.18759867241666664,0.211037744,0.34117104966666667,0.3000440561666667,0.38615607058333334,0.5110818001666667,0.3810097292606971,0.398125,141.07943016507593,-0.2199594784566823,33.04268470067684,-9.710315212607384,4.5849223383203075,5361.0,518692.0,3.2894198497136435,-10.108376701672872,13.397796869277954,41.84591690699259,4.341479549805324,0.9687621941169103,1.6628999948501586,0.5,3.8863474130630493,-0.4708682989961484,5361.0,518692.0,12
Gary Sánchez,122.0,525.0,33.0,79.0,90.0,2.0,0.076190476,0.228571428,0.252653928,0.304347826,0.278131634,0.344761904,0.530785562,0.3675815188930235,0.385,130.99810793942743,-3.3388878130353987,16.739986123942714,7.226086378097534,4.109705083016405,11442.0,596142.0,1.8471481800079343,-9.14427375793457,10.991421699523926,21.586000442504883,2.147125720977783,0.9986788630485536,1.0438666343688965,3.0,2.167034149169922,-0.3174424051638904,11442.0,596142.0,1
Giancarlo Stanton,144.5,619.8333333333334,37.833333333333336,86.5,97.16666666666667,4.333333333333333,0.12359413383333333,0.271073143,0.26821271383333334,0.3209359611666667,0.2697279276666667,0.3648634295,0.5379406415,0.38201228287067773,0.37033333333333335,143.82071258349345,-1.593142352377375,30.955357714953717,-7.708670377731323,4.5235743077074835,4949.0,519317.0,3.2253621220588684,-10.651525497436523,13.876887957255045,31.16416645050049,3.343164106210073,1.04429292678833,2.298172926902771,3.6666666666666665,3.9995883305867515,-0.923241471529782,4949.0,519317.0,6
Gunnar Henderson,154.5,670.5,32.5,109.0,87.0,15.5,0.0992580795,0.2383837405,0.24077381,0.31274288299999997,0.268154761,0.34457691749999997,0.508928571,0.3636080314269615,0.3625,138.88136117517587,4.884068543789908,35.98045629938871,4.004132702946663,6.385778540464579,26289.0,683002.0,2.2150877714157104,-9.919349193572998,12.13443660736084,26.878299713134766,2.8980811834335327,0.8870939612388611,1.3589999675750732,3.0,2.554134428501129,-0.04815694872337205,26289.0,683002.0,2
Ha-Seong Kim,151.0,604.0,14.0,71.0,59.5,25.0,0.1037185855,0.18495218600000002,0.1345372575,0.2981070255,0.255836862,0.337872226,0.3903741195,0.3215160977488255,0.311,107.72208820274932,2.855106599163264,8.596499714902611,9.38858699798584,3.9438920495268364,27506.0,673490.0,-0.10710650682449341,-9.654478073120117,9.54737138748169,6.272049903869629,0.5374508053064346,0.9213912785053253,1.3992916345596313,3.5,0.6641010318417102,-0.7734067647815115,27506.0,673490.0,2
Ian Kinsler,147.875,661.875,19.5,97.25,71.125,16.875,0.077848876625,0.121782079875,0.16404832525,0.27750952087499997,0.2654908245,0.329492930875,0.42953914975,0.3306337894237895,0.3165,105.31872158024974,3.2767043767671566,7.955492242786152,6.953672029078007,3.8615985389469936,6195.0,435079.0,0.18627673387527469,-11.343906432390213,11.530183494091034,3.951674848794937,0.3868587724864483,0.9581945636031921,1.9857777853806813,1.375,0.5415167082101107,-0.362660565950242,6195.0,435079.0,8
Isaac Paredes,148.0,606.0,25.0,67.5,89.0,1.0,0.11007046200000001,0.172971577,0.1963932135,0.258208601,0.24400369,0.3491739315,0.4403969035,0.3448394282470934,0.3115,126.31237662107428,-1.3479261263273656,16.991567916743776,0.27832750603556633,3.823577583595733,20036.0,670623.0,1.1363356336951256,-10.199577927589417,11.335914015769958,19.854501098394394,2.101943127810955,0.9894067650626166,2.2914300449192524,4.5,1.7150791138410568,-0.5611304087167378,20036.0,670623.0,2
J.T. Realmuto,136.57142857142858,555.2857142857143,19.0,71.85714285714286,70.0,11.714285714285714,0.06877276985714285,0.21105143771428572,0.18613555685714284,0.320742318,0.274643492,0.33391186942857143,0.4607790488571428,0.33881064960900487,0.3352857142857143,112.97429997054938,2.6162432383280247,11.362056113433207,13.85860448224204,4.39693999319223,11739.0,592663.0,0.39021602485861095,-9.910263470241002,10.300479207720075,9.723999636513847,0.9901742424283709,1.0123791950089591,1.9896389756883894,7.714285714285714,1.1680290699005127,-0.7508435801295718,11739.0,592663.0,7
Jackson Chourio,148.0,573.0,21.0,80.0,79.0,22.0,0.068062827,0.211169284,0.189393939,0.319587628,0.274621212,0.326923076,0.464015151,0.3385496990571559,0.33,117.16160785662412,3.954801239073277,15.713895737352692,3.09812068939209,3.9135535413975946,28806.0,694192.0,2.540360450744629,-9.602519035339355,12.142879486083984,22.269800186157227,2.293180227279663,0.9738829731941224,1.4038333892822266,6.0,1.4828168153762815,1.1256695435265796,28806.0,694192.0,1
Jackson Merrill,156.0,593.0,24.0,77.0,90.0,16.0,0.048903878,0.170320404,0.207581228,0.31797235,0.292418772,0.32597623,0.5,0.351507786788097,0.376,129.9322099362613,3.729309692978859,24.95465480375193,6.497332572937012,5.287766076171051,29490.0,701538.0,2.4390411376953125,-9.291324615478516,11.730364799499512,15.96720027923584,1.6145719289779663,0.9293684363365172,0.6958400011062622,5.0,2.6485824584960938,-0.0241753425090451,29490.0,701538.0,1
Jacoby Ellsbury,147.25,657.25,16.5,88.25,71.0,37.5,0.077091239,0.139793966,0.154271622,0.31711167825,0.28844198725000003,0.3471522595,0.44271360925000003,0.34459719575666564,0.307,115.17927332919712,6.479859042796306,18.933886766533615,5.013355121016502,4.840332502505541,4727.0,453056.0,2.964095786213875,-10.572180986404419,13.536277055740356,23.365299880504608,2.3806235790252686,1.0063458681106567,1.6683499813079834,2.75,1.5799685418605804,1.3820885978802615,4727.0,453056.0,4
James Outman,151.0,567.0,23.0,86.0,70.0,16.0,0.119929453,0.319223985,0.188405798,0.342756183,0.248447204,0.352733686,0.436853002,0.3443045728830061,0.325,118.06143307005412,3.43088509561494,16.11773269306744,4.460671305656433,3.973063695620109,24770.0,681546.0,1.1952500343322754,-8.849703788757324,10.044954299926758,11.799699783325195,1.203856110572815,0.9146347045898438,1.5486249923706057,8.0,0.6302467584609985,0.6765591481312623,24770.0,681546.0,1
Jarren Duran,160.0,735.0,21.0,111.0,75.0,34.0,0.073469387,0.217687074,0.207153502,0.344827586,0.284649776,0.341961852,0.491803278,0.3568673902286514,0.346,129.02292667113866,8.364949248731136,32.7730592004383,7.921176195144653,6.7332789694996205,24617.0,680776.0,2.2944107055664062,-11.65599536895752,13.950406074523926,22.192100524902344,2.248775005340576,0.9175696969032288,,0.0,3.124623537063598,-0.6240933720963202,24617.0,680776.0,1
Jason Heyward,148.66666666666666,619.0,16.166666666666668,78.0,63.833333333333336,15.666666666666666,0.10614437866666666,0.18022312299999999,0.15330067566666666,0.30629576583333334,0.26512494466666664,0.3479533521666667,0.41842562033333336,0.3353524164354312,0.3136666666666667,109.34215270319119,4.308351537872416,11.309138715774921,6.170861124992371,3.844803912598765,4940.0,518792.0,1.6095376418282588,-10.21630605061849,11.825843652089437,15.897550026575724,1.7313819030920665,0.9986573755741119,1.72781207660834,4.166666666666667,1.886307751139005,-0.28564702086393395,4940.0,518792.0,6
Jeff McNeil,145.66666666666666,601.3333333333334,14.0,77.0,64.0,6.333333333333333,0.063275098,0.11204971266666668,0.14966584533333332,0.3258749566666667,0.30472885366666663,0.3666054816666667,0.454394699,0.35459323193614956,0.3223333333333333,128.09134158094966,-0.7513983499569198,19.397603152981556,2.52201255162557,4.243201264017429,15362.0,643446.0,1.0793110330899556,-9.50976848602295,10.58907985687256,18.264766613642376,1.9552414615948994,0.9418433308601379,2.1076171000798545,5.0,1.4988011072079341,-0.35148323818455474,15362.0,643446.0,3
Joey Votto,151.88888888888889,659.5555555555555,27.444444444444443,92.11111111111111,86.55555555555556,6.888888888888889,0.16411208444444444,0.18377663411111111,0.2196067021111111,0.34009101644444445,0.30082952644444444,0.4191411577777778,0.5204362285555555,0.4004991530717554,0.39683333333333337,149.78773898239282,-2.3430386467112436,37.977611913449294,-10.802418876439333,4.975513956711992,4314.0,458015.0,4.057813929186927,-9.915146827697754,13.97296068403456,47.57387733459473,4.936831547154321,0.9981199900309244,1.811681255698204,2.6666666666666665,4.334923307100932,-0.27157905477241095,4314.0,458015.0,9
Joey Wendle,139.0,545.0,7.0,62.0,61.0,16.0,0.067889908,0.176146788,0.135523614,0.352791878,0.299794661,0.35359116,0.435318275,0.337726273319938,0.304,117.27994252085674,3.316706862766296,14.574997365894014,5.418439149856567,3.971933704047217,13853.0,621563.0,1.758216381072998,-8.896957397460938,10.655174255371094,11.305500030517578,1.0959292650222778,1.0156272649765017,1.44677996635437,10.0,0.9021256566047668,0.8290373809626401,13853.0,621563.0,1
Jonathan Lucroy,147.33333333333334,593.0,18.333333333333332,66.33333333333333,77.33333333333333,6.0,0.08882358666666668,0.13706199733333332,0.182309979,0.31175668233333337,0.29097391999999994,0.35565122199999993,0.47328389899999995,0.3582812339961093,0.345,123.70748567784212,-2.645606849497805,13.812185385617873,25.30663876980543,6.156105134290304,7870.0,518960.0,2.8562005360921217,-10.201431115468344,13.057631969451904,17.320333162943523,1.8471192320187886,1.0406107181676458,2.164505095192881,8.666666666666666,1.9262986580530803,0.8386598360168293,7870.0,518960.0,3
Jose Altuve,147.8181818181818,653.4545454545455,18.636363636363637,92.9090909090909,66.45454545454545,26.545454545454547,0.07485364690909091,0.12499445427272726,0.16536621263636364,0.33011013899999997,0.3088250391818182,0.3653343743636364,0.47419125181818184,0.3602037772464113,0.343125,131.93110126625416,1.253579270539128,25.856946942531724,0.1257716715335846,4.884539317480139,5417.0,514888.0,1.6236091472885825,-10.78455942327326,12.408168532631613,20.123672897165473,2.101316462863575,0.9759643077850342,3.411650002002716,1.3636363636363635,1.9968032132495532,-0.3297016731978968,5417.0,514888.0,11
Josh Donaldson,150.14285714285714,646.0,29.857142857142858,93.42857142857143,91.57142857142857,4.571428571428571,0.12406252014285714,0.20357048171428574,0.22542777900000002,0.29536074757142855,0.2663042131428571,0.36285930099999997,0.4917319921428572,0.36665911936540824,0.373,134.3835896741736,-0.8844158680710409,26.618640134289965,5.312550135755113,5.527815813382559,5038.0,518626.0,3.218692802957126,-10.229961803981237,13.448654447283063,33.104400634765625,3.4174894222191403,0.974159802709307,1.8001481691996257,3.7142857142857144,3.386800387075969,-0.02186034556416264,5038.0,518626.0,7
Josh Hamilton,138.25,595.25,30.25,87.75,100.25,6.75,0.0790090445,0.21059547174999999,0.24660772625,0.332280976,0.297878035,0.35415714475,0.54448576125,0.3801494452064482,,137.07650175638923,3.539602235541679,28.950409573269415,-4.566687643527985,4.634934504607363,1875.0,285078.0,3.7180092334747314,-9.153379678726196,12.87138843536377,31.99625027179718,3.083803690969944,0.9667121469974518,1.9680999517440796,2.75,3.3790445029735565,0.5506669949271106,1875.0,285078.0,4
José Bautista,144.14285714285714,629.7142857142857,35.0,95.0,93.0,6.714285714285714,0.15557800542857142,0.17817703571428573,0.25813341900000003,0.259900013,0.25629174585714287,0.37661849828571425,0.5144251648571428,0.38222161310627467,0.35200000000000004,141.87874665632896,-0.1392587566016508,30.535062165264797,-9.548276194504329,4.4430574893388775,1887.0,430832.0,3.113007511411394,-9.961407388959612,13.074414798191615,31.776714188711985,3.299481442996434,0.9779642394610814,1.932800054550171,0.7142857142857143,3.3537249735423496,-0.15971791977332891,1887.0,430832.0,7
José Ramírez,151.625,649.625,28.75,96.375,96.75,26.625,0.09979766775,0.117602999,0.23487646375000001,0.280426719875,0.282614062125,0.35637201825,0.517490525875,0.3652281383159298,0.348125,132.9412550098859,4.924533940269612,30.934380255044907,4.619569408707321,5.835851131826565,13510.0,608070.0,2.727655529975891,-10.55617082118988,13.283826231956482,33.384137868881226,3.347165659070015,0.9785812497138977,1.0174499824643135,0.625,2.8786925822496414,-0.08847355705996612,13510.0,608070.0,8
Juan Soto,154.6,679.6,33.2,107.8,97.0,9.2,0.19125536140000002,0.1672374892,0.2445380338,0.2973649962,0.28004911359999995,0.4192368266,0.5245871473999999,0.4011111349438238,0.422,157.11302142046708,-1.9357033776119352,45.58405469085918,-8.520438551902771,6.033060024094427,20123.0,665742.0,3.718425762653351,-9.828114271163942,13.546540069580079,50.23559970855713,5.141622006893158,0.9389671394478383,2.714340001344681,1.8,4.937653589248657,-0.9434727053545606,20123.0,665742.0,5
Julio Rodríguez,143.33333333333334,629.0,26.666666666666668,87.33333333333333,82.0,28.666666666666668,0.06641503766666666,0.25283758100000003,0.19011050533333332,0.3394218576666667,0.277451767,0.33420304733333334,0.4675622723333333,0.34471960505815313,0.3426666666666667,130.36893997291074,3.5973162977024913,25.20515470522983,3.9468043645222983,5.131104821845519,23697.0,677594.0,2.8150511582692466,-11.108125368754068,13.923176765441895,27.380399386088055,2.896154840787252,1.0604851643244426,2.91920006275177,0.6666666666666666,2.4307286540667215,0.21490305527715678,23697.0,677594.0,3
Ketel Marte,144.0,599.8,23.8,84.0,76.0,7.2,0.099357542,0.1607327286,0.2168412228,0.2998895354,0.2791377734,0.3543208016,0.49597899619999997,0.3607456440972526,0.34940000000000004,126.83217715233657,1.360322541790083,21.921450843724564,1.450951910018921,4.3409216220079205,13613.0,606466.0,1.7195596575737,-10.004500198364259,11.72406005859375,22.26241989135742,2.180752384662628,0.9758939743041992,1.6421878337860107,7.6,2.1511615604162215,-0.3437697493192511,13613.0,606466.0,5
Kevin Kiermaier,151.0,535.0,10.0,62.0,40.0,18.0,0.044859813,0.177570093,0.156435644,0.305970149,0.263366336,0.298311444,0.41980198,0.3093079205525525,0.302,97.04778312413356,3.919882886111736,2.09217675166818,20.617961645126343,4.266099765542101,11038.0,595281.0,0.8025357127189636,-10.238374710083008,11.04090976715088,1.9317994117736816,0.229544997215271,1.098257541656494,1.15957772731781,9.0,0.5300112962722778,0.200724148083064,11038.0,595281.0,1
Kris Bryant,149.6,646.8,30.0,102.6,84.8,8.4,0.1182272212,0.2356063668,0.23458939279999996,0.33735409279999995,0.2818646092,0.37960691879999997,0.5164540019999999,0.3803872002495502,0.36219999999999997,137.66998094274862,3.4527386512141676,34.36590561153653,0.00966641902923584,5.611897731210778,15429.0,592178.0,3.1386612176895143,-10.30749282836914,13.446153831481933,36.98159961700439,3.777806007862091,0.9755168935090058,1.5744500197470188,2.4,3.7270755529403687,-0.5484930478224661,15429.0,592178.0,5
Kyle Tucker,149.0,616.6666666666666,29.666666666666668,83.66666666666667,103.66666666666667,23.0,0.10301630633333332,0.15040736833333332,0.238961187,0.28501577733333333,0.2785971563333333,0.3527135433333333,0.5175583433333334,0.36737738773969325,0.37833333333333335,138.50494228659394,3.3969218766627214,31.555777795330567,-3.3242685000101724,4.962238881693752,18345.0,663656.0,3.187420924504598,-9.884737650553385,13.072158495585123,35.668599446614586,3.719183842341105,0.9783914486567179,2.426900029182434,1.3333333333333333,2.557055393854777,0.6787886583286343,18345.0,663656.0,3
Lance Berkman,145.0,587.0,31.0,90.0,94.0,2.0,0.156729131,0.158432708,0.245901639,0.315217391,0.301229508,0.412265758,0.547131147,0.4076506966038754,,163.14201775362042,1.5224064744543284,44.33108024442774,-17.545833110809326,4.73397432609941,548.0,204020.0,5.750773906707764,-8.68805980682373,14.438834190368652,53.58100128173828,5.905916213989258,1.044614553451538,1.4053332805633545,3.0,5.0466742515563965,0.4584892441143102,548.0,204020.0,1
Lorenzo Cain,143.4,598.8,11.4,81.4,52.0,26.0,0.07751218439999999,0.1708374442,0.1285949756,0.3447580952,0.2951246016,0.3564566798,0.4237195772,0.33967659623809043,0.34725,111.95583042358733,4.740774239553138,12.967337856639526,12.094737267494201,4.589763984081541,9077.0,456715.0,0.807157289981842,-10.05390796661377,10.861065673828126,8.821359825134277,0.9500070571899414,0.9885631561279297,1.2181111176808674,2.6,0.8944896578788757,-0.08328924292826154,9077.0,456715.0,5
Luis Robert Jr.,145.0,595.0,38.0,90.0,80.0,20.0,0.050420168,0.28907563,0.278388279,0.313609467,0.263736263,0.315254237,0.542124542,0.3581275160496051,0.347,128.4771516630258,-0.1306928684934973,20.171646928914715,8.742753267288208,4.92138247539896,20043.0,673357.0,2.6888670921325684,-10.46429443359375,13.15316104888916,16.78820037841797,1.5961215496063232,0.9861619472503662,1.2836999893188477,2.0,2.499518156051636,0.2270797416158965,20043.0,673357.0,1
Manny Machado,154.2,670.7,30.7,88.5,94.4,8.9,0.0826960241,0.1734354239,0.2109534275,0.2970013571,0.27834304849999997,0.3384919543,0.489296476,0.3505423051544535,0.35188888888888886,122.94789047174466,-0.7751106434501708,17.690935966636836,6.00553013086319,4.737251701633847,11493.0,592518.0,1.4638035729527474,-11.178880310058593,12.642684173583984,20.09139003753662,2.089413419365883,0.9681977667136568,3.3610250055789948,1.1,1.663950379565358,-0.16155650728490817,11493.0,592518.0,10
Marcus Semien,159.875,698.875,26.625,98.5,80.125,13.375,0.088045579,0.17826026225,0.19056132325,0.28139087675,0.25759019250000004,0.323990016125,0.44815151575,0.33136228903574966,0.320375,111.64689817824588,1.8429518359189387,12.598562132691416,6.108372285962105,4.281862809319317,12533.0,543760.0,-0.5005723722279072,-12.223206400871277,11.722634077072144,10.00659978017211,1.0070974100381136,0.9593839049339294,1.8664000034332275,1.0,0.9584967792034149,-1.3883906738709344,12533.0,543760.0,8
Matt Carpenter,149.83333333333334,659.3333333333334,21.166666666666668,101.5,73.16666666666667,3.0,0.13753830866666666,0.1909111225,0.20146584450000002,0.31167213600000004,0.27184854666666664,0.37843858066666664,0.4733143911666667,0.3671871834008597,0.3885,133.73045643777587,-0.28215341436831903,26.12992164431371,-4.448891560236613,4.451870275010064,8090.0,572761.0,3.418893814086914,-9.547576427459717,12.966470718383789,35.576634089152016,3.8269739548365274,0.9661704500516256,1.3708955546220143,3.1666666666666665,3.252709945042928,0.28571830860167863,8090.0,572761.0,6
Matt Chapman,150.16666666666666,626.1666666666666,26.333333333333332,87.33333333333333,73.16666666666667,4.333333333333333,0.10780998033333333,0.26385399316666663,0.21420714,0.2950033205,0.24194824533333334,0.3321029518333333,0.45615538533333333,0.33904078461143766,0.34,118.92667642371119,0.9549954919687783,15.35759687289662,9.147959371407827,4.642267442396044,16505.0,656305.0,0.9341425771514577,-10.707110087076822,11.641252358754477,10.24903392791748,1.0191474501043558,0.9833191235860189,2.2655500173568726,0.8333333333333334,1.3443268636862438,-0.34073719749139425,16505.0,656305.0,6
Matt Holliday,147.2,629.6,23.8,91.8,92.8,5.0,0.11061507699999999,0.1605305958,0.2019751422,0.3238013752,0.2950628302,0.3831212306,0.4970379724000001,0.38275043396452196,,144.62937169732544,-1.2779060169123113,30.96621321486898,-7.7765652418136595,4.481929917331067,1873.0,407812.0,3.7534173488616944,-10.124335861206054,13.877753067016602,39.50879974365235,4.254705762863159,1.0045836806297301,1.9521833956241608,2.2,3.792353057861328,-0.054214184626334094,1873.0,407812.0,5
Matt Olson,155.16666666666666,664.0,36.833333333333336,91.66666666666667,104.33333333333333,1.1666666666666667,0.11424074216666667,0.23174733216666665,0.2535154138333333,0.288351301,0.2590416785,0.35063503966666665,0.5125570923333334,0.3637237750081816,0.36733333333333335,133.23150127875152,-1.9608954972742747,25.227362974882507,-8.665506027638912,3.966254355756036,14344.0,621566.0,2.705183684825897,-10.554128964742025,13.259312470753988,27.128167629241943,2.714897175629934,0.9502335588137308,0.7456799745559692,0.8333333333333334,2.6902350783348083,0.18382937347222683,14344.0,621566.0,6
Michael Bourn,146.0,651.25,4.75,87.25,48.75,44.5,0.08501658425,0.206029991,0.096491821,0.34624095850000003,0.27413087,0.3382765745,0.370622691,0.3149560027376449,,96.16902039126963,9.03090923774289,6.705626437430163,9.286800786852837,3.794786055035717,6387.0,456422.0,1.3628890663385391,-10.428160548210144,11.791050553321838,11.57042513974011,1.2171412520256126,0.9960127846881894,1.2153583467006683,3.25,0.3584339154185727,1.0237351288694283,6387.0,456422.0,4
Michael Conforto,152.0,643.0,30.5,84.0,87.0,5.0,0.1306455355,0.23957728550000001,0.2206070305,0.289605734,0.2499622615,0.35609205,0.470569292,0.3503066276233567,0.35550000000000004,123.16556395211691,-0.6015797039726751,18.468435008050626,-0.8341442346572876,3.7593840218589314,16376.0,624424.0,2.0021427869796753,-10.909022808074951,12.911166191101074,26.702750205993652,2.8102205991744995,1.014941155910492,1.9170300364494326,7.5,2.5289672613143916,-0.5564878425411514,16376.0,624424.0,2
Michael Harris II,138.0,539.0,18.0,76.0,57.0,20.0,0.046382189,0.187384044,0.184158416,0.334190231,0.293069306,0.330855018,0.477227722,0.3447199068699913,0.357,115.43292633711408,4.9910273919813335,15.296205597034325,4.6715247631073,3.817302838179564,25931.0,671739.0,0.4451608061790466,-8.344987869262695,8.790148735046387,-4.797699451446533,-0.510292649269104,0.855669379234314,1.236799955368042,1.0,0.3936409950256347,0.1266076161580372,25931.0,671739.0,1
Miguel Andujar,149.0,606.0,27.0,83.0,92.0,2.0,0.041254125,0.160066006,0.230366492,0.315673289,0.296684118,0.328382838,0.52705061,0.3609711025526981,0.322,129.30006415117322,-0.1540361924562603,21.072290804560065,-4.159579753875732,3.86901338017466,15878.0,609280.0,1.4167643785476685,-10.15697193145752,11.573736190795898,14.769000053405762,1.4785670042037964,0.9698931574821472,2.2410500049591064,4.0,1.6451976299285889,-0.1844549000534718,15878.0,609280.0,1
Miguel Cabrera,145.2,616.4,28.0,83.0,99.4,1.4,0.1141340206,0.1691847238,0.2147971978,0.3385536582,0.3104536644,0.3897195634,0.5252508622000001,0.3872498139854925,0.3794,145.316852831138,-4.9469315346097575,29.376753135107528,-9.979788333177567,4.241246892760524,1744.0,408234.0,3.6798377320170403,-9.999074268341065,13.6789119720459,37.589699912071225,3.872581508755684,1.0016225278377533,2.880687538534403,1.5,3.690844351053238,0.0052168618061952275,1744.0,408234.0,10
Miguel Montero,139.0,562.0,15.333333333333334,56.666666666666664,82.0,0.3333333333333333,0.10413020266666667,0.1918324153333333,0.155221772,0.3178648783333333,0.2704364246666667,0.35698188633333333,0.42565819666666665,0.34120801231635284,,110.69600702630044,-5.959499346092343,1.2705729854056276,27.305981636047363,4.854593814407953,3364.0,471083.0,1.2460960547129314,-9.827754020690918,11.07384999593099,19.310667117436726,1.9754892339309056,1.0460839470227559,1.8037277857462566,5.666666666666667,1.3437515944242477,-0.11365194322962602,3364.0,471083.0,3
Mike Trout,144.875,642.25,35.0,110.375,92.0,24.5,0.15635547175,0.2103466105,0.283079611375,0.348101635125,0.30741846325,0.42375048675,0.590498074625,0.42336538612620833,0.43360000000000004,174.5321000873024,5.856199061643565,62.13860072103844,1.2066087145358324,8.810560634252699,10155.0,545361.0,5.486674964427948,-8.805409491062164,14.292083740234375,63.35099983215332,6.680436491966248,0.9659359157085419,3.010200023651123,0.375,6.46816623210907,-0.7875910049660386,10155.0,545361.0,8
Mookie Betts,141.55555555555554,646.0,27.77777777777778,110.0,86.0,19.0,0.10904165311111111,0.13568650299999999,0.23144466655555554,0.3039401898888889,0.2937530105555555,0.3738336122222222,0.5251976771111111,0.3805697162489813,0.37,140.478562144801,4.432435062817401,35.823451073809586,2.4254867235819497,6.122155874969322,13611.0,605141.0,3.388570706049601,-10.13846386803521,13.52703497144911,39.91343307495117,4.001507176293267,0.9682074122958713,1.9519642804350172,1.6666666666666667,3.4658813344107733,0.04503471489458076,13611.0,605141.0,9
Nicky Lopez,151.0,565.0,2.0,78.0,43.0,22.0,0.086725663,0.130973451,0.078470825,0.346698113,0.299798792,0.365280289,0.378269617,0.3286870972372955,0.283,104.47418016492274,5.318134066415951,8.413157721246076,26.65581321716309,5.457342530693427,19339.0,670032.0,1.2126463651657104,-8.610493659973145,9.823140144348145,8.918999671936035,0.8662756681442261,0.9513890147209167,0.262000024318695,1.0,0.4320067167282104,0.8425995131129358,19339.0,670032.0,1
Nico Hoerner,145.33333333333334,615.3333333333334,8.666666666666666,81.33333333333333,57.0,31.333333333333332,0.064674094,0.111285034,0.10957201233333334,0.3031286146666667,0.27885840333333334,0.33624435533333336,0.38843041566666664,0.31827661647416877,0.30866666666666664,105.11112170208541,5.04926869738847,8.62239260667896,12.262638409932455,4.277032814972031,21479.0,663538.0,0.9480533103148142,-9.946517944335938,10.89457098642985,9.612600008646647,0.9541350603103638,0.9813024997711182,3.911600112915039,1.3333333333333333,0.27486743211435777,0.6962268995172552,21479.0,663538.0,3
Nolan Arenado,152.1,641.0,31.5,86.3,104.5,2.6,0.07836030940000001,0.1504180836,0.2306350027,0.2931251632,0.285411693,0.3422730224,0.5160466957,0.36006659161130605,0.33466666666666667,118.53416277194196,-1.0234996043145657,14.53631511259552,11.136745677888394,4.745031577186635,9777.0,571448.0,2.0974026739597322,-10.91330623626709,13.010708618164063,23.611800384521484,2.179531182721257,0.9848899841308594,1.950029194355011,1.4,2.073042229283601,0.07826868498874111,9777.0,571448.0,10
Ozzie Albies,155.5,683.0,27.75,101.5,93.25,15.5,0.0669411855,0.16946123375,0.21444177775,0.2941748715,0.274000297,0.32568813425,0.48844207475,0.34295201239304807,0.329,111.95091622011651,5.283195901487488,15.585893460318662,2.071216270327568,3.9816442258140228,16556.0,645277.0,1.350784294307232,-11.25044560432434,12.601229429244995,19.856074810028076,1.9885779917240143,0.9438990503549576,1.2587000131607056,1.75,1.4292698949575424,0.003130002456226244,16556.0,645277.0,4
Paul Goldschmidt,155.72727272727272,673.1818181818181,29.90909090909091,97.27272727272727,97.36363636363636,14.090909090909092,0.12474097809090909,0.22606038718181817,0.22237845254545452,0.34197067854545454,0.2889002309090909,0.37975584790909084,0.5112786834545454,0.37774819538392157,0.37466666666666665,137.5824207412758,1.2043915938543663,31.8503124018938,-9.928725945678623,4.499557543138255,9218.0,502671.0,3.5522291633215817,-10.715090491554953,14.267319332469594,38.58336353302002,3.9990073442459106,0.994544809514826,2.8856852054595947,1.8181818181818181,3.891462578014894,-0.3409691966870176,9218.0,502671.0,11
Peter Bourjos,147.0,552.0,12.0,72.0,43.0,22.0,0.057971014,0.224637681,0.167330677,0.337874659,0.270916334,0.326605504,0.438247011,0.3352281202963733,,113.5526118569717,4.2869784261565655,12.998151887627971,9.172180652618408,4.265671200879395,2578.0,488721.0,-0.505334198474884,-9.772035598754885,9.266701698303224,3.160799980163574,0.4212581813335418,0.9975953102111816,1.7848000526428225,1.0,0.6475433111190796,-1.1540956107363556,2578.0,488721.0,1
Rafael Devers,148.8,647.4,31.6,98.2,99.8,4.8,0.08983516899999999,0.2014420764,0.2402864722,0.3180288842,0.2856837048,0.35532957600000004,0.525970177,0.36919161392981215,0.3736,132.58774246633917,-1.3623566273134202,23.71374241535441,0.3366651117801666,4.6438283431019,17350.0,646240.0,2.1595075368881225,-11.250994873046874,13.410502433776855,30.9862003326416,2.9904410600662232,1.0043386220932007,2.339850068092346,1.6,2.4507317304611207,-0.303680076906448,17350.0,646240.0,5
Riley Greene,137.0,584.0,24.0,82.0,74.0,4.0,0.109589041,0.267123287,0.216796875,0.329341317,0.26171875,0.34819897,0.478515625,0.3553962396136645,0.357,134.9744115098804,-0.1551609709858894,23.21538563829361,-3.886954069137573,4.006801844107629,25976.0,682985.0,2.285531997680664,-9.145102500915527,11.430634498596191,24.354398727416992,2.5920183658599854,0.9680824875831604,2.7088003158569336,2.0,2.068558692932129,0.2923268999748822,25976.0,682985.0,1
Robinson Canó,158.0,682.125,26.75,92.25,98.625,4.25,0.07719271725,0.130774157375,0.198756380625,0.3173669215,0.30339546875,0.361956914625,0.502151849375,0.36799447245609707,0.353,134.00300922086504,-2.373220550158294,24.774629240342257,3.1340571790933605,5.306073078363369,3269.0,429664.0,2.879321739077568,-10.84960687160492,13.728928327560425,33.52774953842163,3.5086318254470825,0.9749201014637947,2.1083399772644045,1.0,2.9660679399967194,0.0007585466560421639,3269.0,429664.0,8
Ronald Acuña Jr.,144.66666666666666,661.0,32.333333333333336,115.66666666666667,85.66666666666667,46.333333333333336,0.10485813033333334,0.20454017466666666,0.21464520933333334,0.33526743566666667,0.2941859663333333,0.37744644866666666,0.5088311756666667,0.37730114020872946,0.4053333333333333,137.28099938249022,6.315551676011334,39.04619787457573,-6.506657958030701,5.439263786569593,18401.0,660670.0,4.204779426256816,-9.715985457102457,13.92076555887858,41.92970116933187,4.13679055372874,0.9180659055709839,1.8249999284744263,2.0,3.7218041022618613,0.8169924446788491,18401.0,660670.0,3
Russell Martin,131.0,516.0,19.333333333333332,63.0,68.66666666666667,5.0,0.11292905400000001,0.23304907566666666,0.17846832433333334,0.27291610866666666,0.23238647933333334,0.3304424083333333,0.41085480366666666,0.3257290699913458,0.3295,105.96588159829794,-2.690404045395553,0.8113434756818271,23.88569180170695,4.36811840080695,4616.0,431145.0,0.0826912224292755,-9.491680781046549,9.574371973673502,5.9280000527699785,0.5963500787814459,1.027314821879069,2.592316230138143,8.333333333333334,0.2657280365626017,-0.21064850996062776,4616.0,431145.0,3
Ryan Braun,145.0,601.5714285714286,27.857142857142858,89.0,93.85714285714286,19.857142857142858,0.08303839714285714,0.18113599742857142,0.22725956142857143,0.32935050871428573,0.2995103407142857,0.36332675614285714,0.5267699021428571,0.37927705029966535,0.35400000000000004,137.09555423924243,1.6276156319904007,28.99785087722944,-10.230180501937866,3.8947746111068966,3410.0,460075.0,2.73780689069203,-9.70396968296596,12.441776275634766,34.55024283272879,3.6378368650163924,0.9640185151781354,2.409670182636806,7.285714285714286,3.208654046058655,-0.33984782774320615,3410.0,460075.0,7
Ryan Zimmerman,144.5,613.25,28.0,88.0,91.75,4.0,0.09363175825,0.19308713775,0.214634017,0.32444033675,0.29168914675,0.35910605675,0.50632316375,0.3706254535167316,0.378,130.83662920321638,0.689603696228005,23.28081673254647,-1.7456147223711005,4.225391111150563,4220.0,475582.0,3.092501610517502,-9.68637466430664,12.778876066207886,30.68174934387207,3.18339467048645,0.9746942073106766,1.4423124939203262,2.75,2.934250593185425,0.26713700985660466,4220.0,475582.0,4
Scott Rolen,133.0,537.0,20.0,66.0,83.0,1.0,0.093109869,0.152700186,0.212314225,0.302387267,0.284501061,0.357541899,0.496815286,0.3692701081658124,,126.1756560899358,-0.9099750574678184,15.93359069808329,11.794638514518738,4.578483610574019,970.0,121409.0,2.458885669708252,-9.4203519821167,11.87923812866211,14.796000480651855,1.5307658910751345,1.076699137687683,2.3673999309539795,7.0,2.3373751640319824,-0.0536492988948098,970.0,121409.0,1
Sean Murphy,148.0,612.0,18.0,67.0,66.0,1.0,0.091503267,0.202614379,0.176908752,0.29,0.24953445,0.332242225,0.426443202,0.3313379441380305,0.344,120.5478118024314,-0.830019123852253,13.320890088611767,17.29264545440674,5.24662807350076,19352.0,669221.0,0.3549427390098572,-9.981882095336914,10.336825370788574,8.70300006866455,0.9654252529144288,0.9341480731964112,1.842599987983704,2.0,1.5605080127716064,-1.1805439051592708,19352.0,669221.0,1
Shane Victorino,138.75,608.0,15.25,83.25,61.5,28.25,0.0755547095,0.12262991875,0.16681689975,0.290981861,0.2718226105,0.33851609775,0.43863951025000003,0.34043251930043583,,111.7550259509805,6.860964244406205,14.360305486589244,4.936262398958206,4.030119883418748,1677.0,425664.0,1.214324414730072,-9.844262957572937,11.058587372303009,16.02042454481125,1.6912290044128895,0.9784272591994461,2.048283338546753,2.0,1.2939894162118435,0.029777371329590907,1677.0,425664.0,4
Shohei Ohtani,152.25,658.75,44.5,107.25,105.0,29.0,0.130267457,0.24946545825,0.31687697775,0.32518803875,0.2858980365,0.38272015525,0.60277501425,0.4067863511180943,0.4165,163.23603195104567,3.2162305654492225,52.923148337032586,-15.420551650226116,6.060803257161012,19755.0,660271.0,4.683050751686096,-9.789262533187866,14.472313165664673,57.09500026702881,5.7837048172950745,0.9460171014070511,1.6960777640342715,3.25,5.408100247383118,-0.4831931650428314,19755.0,660271.0,4
Starling Marte,133.375,562.0,15.5,81.75,61.25,33.875,0.053063055625,0.199457881375,0.16734255675,0.348934678625,0.29293130975,0.349525134875,0.4602738665,0.3499511692177147,0.3426666666666667,123.03815326986225,4.756123467232101,19.883063432750138,1.0063090845942497,4.014736547767864,9241.0,516782.0,2.4036816880106926,-9.397895276546478,11.801576972007751,22.289374947547913,2.360895186662674,1.0001645301251787,1.8923762366175652,3.25,2.1640157997608185,0.24454285152582794,9241.0,516782.0,8
Stephen Drew,151.0,633.0,15.0,83.0,61.0,10.0,0.097946287,0.170616113,0.180530973,0.32054176,0.277876106,0.351822503,0.458407079,0.3551458061594273,,113.15206001900071,1.4952628761529922,11.471336985064006,15.372673511505129,4.791208179048505,4251.0,452220.0,1.0971877574920654,-10.660841941833496,11.75802993774414,17.06999969482422,1.83270001411438,1.0205628871917725,2.231600046157837,6.0,1.2579987049102783,-0.1829177165048137,4251.0,452220.0,1
Steven Kwan,142.33333333333334,632.0,8.333333333333334,88.33333333333333,50.0,17.333333333333332,0.09760662233333334,0.097648385,0.11215251733333333,0.307097997,0.2860310546666667,0.36032602733333335,0.398183572,0.33463088165728827,0.321,118.25275406461806,3.49737682674701,15.524400428880464,2.6733630498250327,4.030036989417772,24610.0,680757.0,0.7122671405474345,-10.854401270548502,11.566668510437012,11.641633828481039,1.217090258995692,1.022092342376709,1.89573339621226,3.3333333333333335,0.6015550891558329,0.09893853922577904,24610.0,680757.0,3
Steven Souza Jr.,148.0,617.0,30.0,78.0,78.0,16.0,0.136142625,0.290113452,0.219885277,0.301587301,0.239005736,0.351219512,0.458891013,0.3480919054048485,0.35,120.88141675563482,1.569425302091986,17.46550343212577,-0.1357069015502929,3.7514084274670703,5667.0,519306.0,2.3025765419006348,-11.036815643310549,13.339391708374023,18.858200073242188,1.8694969415664675,1.0914828777313232,3.475466728210449,3.0,1.5984681844711304,0.5111173975643868,5667.0,519306.0,1
TJ Friedl,138.0,556.0,18.0,73.0,66.0,27.0,0.084532374,0.161870503,0.18852459,0.308093994,0.278688524,0.352189781,0.467213114,0.3526914141513748,0.289,115.46671261726016,6.050561748445034,16.704036122655097,3.745441198348999,3.9229386606317367,19522.0,670770.0,3.674586057662964,-8.777653694152832,12.45223903656006,25.87670135498047,2.4546194076538086,0.9960551261901855,1.2994266748428345,15.0,1.9984740018844604,1.6906652445726107,19522.0,670770.0,1
Trea Turner,144.66666666666666,648.8333333333334,22.333333333333332,99.5,74.16666666666667,31.0,0.06850950133333333,0.18852902800000002,0.18134252366666667,0.3344856033333334,0.2924927385,0.34538377333333337,0.47383526216666666,0.3508250313452772,0.33749999999999997,120.90662614609475,7.050076903076842,23.43871523652315,6.404791901508967,5.197337349039714,16252.0,607208.0,1.8908905585606892,-10.813097635904947,12.703988234202066,19.438149611155193,1.9995712488889694,0.958357053498427,1.3978222012519836,0.8333333333333334,2.0328609943389893,-0.029243582074270098,16252.0,607208.0,6
Troy Tulowitzki,130.0,545.0,24.6,74.6,86.2,4.6,0.089926053,0.1685943172,0.21469898399999998,0.313980256,0.29242584320000004,0.3596602,0.5071248272,0.37135491411561905,0.3355,123.73208653416842,-2.5199015378952025,12.50232668067269,9.574553954601289,4.1244962987925415,3531.0,453064.0,1.001113618910313,-9.995270586013794,10.996383762359619,13.289119720458984,1.2975006759166718,1.0425160480373736,2.386977752049764,3.4,1.532711561024189,-0.6081600442206898,3531.0,453064.0,5
Tyler O'Neill,138.0,537.0,34.0,89.0,80.0,15.0,0.0707635,0.312849162,0.273858922,0.366197183,0.286307053,0.351955307,0.560165975,0.3838341801082178,0.389,142.66600104101735,2.776192464167252,31.94397875126097,2.8631839752197266,5.296783191798841,15711.0,641933.0,2.573161602020264,-8.59602165222168,11.169182777404783,25.18400001525879,2.620383977890014,0.9035625457763672,0.7807333469390869,6.0,3.721405982971192,-0.8736102060785931,15711.0,641933.0,1
William Contreras,148.0,645.0,20.0,92.5,85.0,7.5,0.1089922355,0.205466062,0.1766962345,0.339323078,0.284780578,0.366228059,0.4614768125,0.35801095924904974,0.34750000000000003,127.71528438909681,-2.0792725388891995,19.745118063452697,13.69769150018692,5.590926770033385,20503.0,661388.0,0.6934342235326767,-11.810032844543457,12.503467559814453,22.352600574493408,2.251400053501129,1.02113938331604,2.1491000652313232,3.0,1.9817259907722473,-1.3002661491542349,20503.0,661388.0,2
Willy Adames,148.2,616.4,26.4,79.0,83.0,8.6,0.09594595219999999,0.2644370638,0.2009510396,0.2971942016,0.24432704479999998,0.31859864839999996,0.44527808440000005,0.3279981435555227,0.3294,108.08843159706949,0.3054950268939138,6.41463761937276,9.738306665420533,3.7813834190714006,15986.0,642715.0,0.7150122702121735,-11.193603324890137,11.908615732192994,7.673800253868103,0.8161601113155484,1.0138655367650484,2.2826222313774953,1.2,0.23079375624656678,0.46597357207282525,15986.0,642715.0,5
Xander Bogaerts,149.44444444444446,642.1111111111111,18.11111111111111,88.0,78.66666666666667,9.333333333333334,0.08494616355555556,0.18121859822222222,0.16521837277777776,0.3331212008888889,0.2902530413333333,0.35479608211111113,0.45547141411111114,0.34857196159848747,0.328125,117.33310433953628,2.28571040998213,16.054889255796017,2.836686041620043,4.104524573012287,12161.0,593428.0,1.070912950568729,-10.973062303331163,12.043975194295248,12.416267050637138,1.1639622814125485,1.006496833430396,1.9808799982070924,0.7777777777777778,0.834991719159815,0.22981405920394232,12161.0,593428.0,9
Yadier Molina,136.375,537.5,13.0,53.375,69.75,5.75,0.06455312975,0.10867905275,0.14048164625,0.303157156875,0.28922387775,0.338235507875,0.429705524,0.33215586520148344,0.3145,109.36226701393946,-3.545783491252223,2.4908066604858945,24.49479217082262,4.578208452232192,7007.0,425877.0,0.9574476052075624,-9.337497115135193,10.294944643974304,10.822124809026718,1.1924461741000414,1.0068006813526154,2.324432832854135,2.75,0.6820863634347916,0.3600191055106755,7007.0,425877.0,8
Yan Gomes,135.0,518.0,21.0,61.0,74.0,0.0,0.046332046,0.231660231,0.193814433,0.325714285,0.278350515,0.312741312,0.472164948,0.3400504674726319,,117.2504513784165,0.6852569892071187,10.507340591428044,18.142208576202396,4.929938670847112,9627.0,543228.0,0.4477522671222687,-10.508068084716797,10.955820083618164,7.502999782562256,0.8078073263168335,1.1323518753051758,2.3449997901916504,4.0,0.6501349210739136,-0.254716962321828,9627.0,543228.0,1
Yasmani Grandal,146.5,575.0,26.0,72.0,72.5,3.5,0.155732246,0.2296594735,0.223611111,0.27858419,0.2432615625,0.364583842,0.4668726735,0.35627437611754,0.35150000000000003,122.9863230787033,-2.987928388058208,13.684760758780977,23.476545959711075,5.50702753609279,11368.0,518735.0,0.5611717700958252,-10.488344192504883,11.049516201019287,17.96809959411621,1.9467537999153137,1.0261763334274292,1.2943746447563171,15.0,1.8577107787132263,-1.3099827705459692,11368.0,518735.0,2
Yordan Alvarez,142.0,598.0,35.0,91.66666666666667,95.66666666666667,2.6666666666666665,0.11043696333333332,0.19367650700000003,0.27289993166666665,0.31923422566666665,0.297273801,0.3815656473333333,0.5701737326666666,0.39921856223803337,0.42,163.38002834399614,-1.7461587036183726,41.661448059233074,-12.777687152226767,5.0278289953474955,19556.0,670541.0,3.723804235458374,-8.774321556091309,12.498125712076822,37.05366770426432,3.879915157953898,0.9414151906967163,1.878000020980835,3.0,4.726999600728353,-0.7587959477105697,19556.0,670541.0,3
